INSERT INTO public.site (id, country, description, image_name, name, region) VALUES (1, 'La Réunion', 'Un petit secteur avec quelques beaux passages. Idéal pour ceux qui habitent dans le coin ! Il n’y a pas de marche d’approche et vous pouvez y aller en famille. Des secteurs à l’ombre pour grimper tout au long de la journée.', 'default_mountain_image.jpg', 'RAVINE CLAUDE', 'La Réunion');
INSERT INTO public.site (id, country, description, image_name, name, region) VALUES (4, 'La Réunion', 'La  ravine  Bernica  recèle  de  nombreux  passages  dans  tout  les  niveaux,  plutôt  dans  le  5  et  le  6  pour le moment. Attention toutefois les réceptions sont  souvent  chaotiques  et  nécessitent  un  bon  agencement   de   crashpad   ainsi   que   de   bons   pareurs.L’accès  peut  être  assez  difficile  à  trouver  dans  les  premiers  mètres  tant  de  nombreuses  sentes  parcours le plateau bordant la ravine. Il n’est pas  facile d’accès pour des enfants (main courante et désescalade).', 'default_mountain_image.jpg', 'RAVINE BERNICA', 'La Réunion');
INSERT INTO public.topo (id, description, image_name, name, site_id) VALUES (3, '21°10''1.44"S
55°18''31.38"E
Height 430m', 'default_mountain_image.jpg', 'Topo RAVINE CLAUDE', 1);
INSERT INTO public.topo (id, description, image_name, name, site_id) VALUES (8, 'Topo édité par le CRFFME - Sous la direction de Eric Poullain - Conception graphique : Olivier de Pontaud Tous  droits  réservés.  Toute  représentation  ou  reproduction  à  titre  commercial  ou  lucratif,  par  quelque  procédé  que  ce  soit,  constituerait  une  contrefaçon  sanctionnée par les articles 425 et suivants du Code pénal.', 'default_mountain_image.jpg', 'Topo RAVINE BERNICA', 4);
INSERT INTO public.sector (id, description, image_name, name, site_id) VALUES (7, 'Depuis le route des Tamarins prenez la sortie “Plateau Caillou”. Après la sortie restez sur la D6 et prenez la déviation de Plateau Caillou. Au rond point allez tout droit en direction de St Gilles les hauts, puis prenez 500 m plus loin la D8 sur votre gauche direction “Bellemène”. Montez sur 900 m et prenez à gauche la D4E, “Bellemène”. Dès que vous aurez passé la ravine Bernica (la première traversée), prenez la route qui descend sur votre gauche (direction “apiculteur”) et garez vous 500 m plus bas, juste avant une nouvelle intersection menant à un apiculteur. Trouvez le marquage 50 m en amont (rubalis et / ou peinture) et suivez le jusqu’au bloc ...', 'default_mountain_image.jpg', 'La Cachette', 4);
INSERT INTO public.sector (id, description, image_name, name, site_id) VALUES (5, 'Depuis  le  route  des  Tamarins  prenez  la  sortie  “Plateau Caillou”. Après la sortie restez sur la D6 et prenez la déviation de Plateau Caillou. Au rond point  allez  tout  droit  en  direction  de  St  Gilles  les  hauts, puis prenez 500 m plus loin la D8 sur votre gauche direction “Bellemène”. Montez sur 900 m et prenez à gauche la D4E, “Bellemène”. Dès que vous  aurez  passé  la  ravine  Bernica  (la  première  traversée),  prenez  la  route  qui  descend  sur  votre  gauche (direction “apiculteur”) et garez vous 500 m plus bas, juste avant une nouvelle intersection menant à un apiculteur. Trouvez le marquage 50 m en amont (rubalis et / ou peinture) et suivez le jusqu’au bloc ...', 'default_mountain_image.jpg', 'Miguel Ange', 4);
INSERT INTO public.sector (id, description, image_name, name, site_id) VALUES (6, 'Depuis le route des Tamarins prenez la sortie “Plateau Caillou”. Après la sortie restez sur la D6 et prenez la déviation de Plateau Caillou. Au rond point allez tout droit en direction de St Gilles les hauts, puis prenez 500 m plus loin la D8 sur votre gauche direction “Bellemène”. Montez sur 900 m et prenez à gauche la D4E, “Bellemène”. Dès que vous aurez passé la ravine Bernica (la première traversée), prenez la route qui descend sur votre gauche (direction “apiculteur”) et garez vous 500 m plus bas, juste avant une nouvelle intersection menant à un apiculteur. Trouvez le marquage 50 m en amont (rubalis et / ou peinture) et suivez le jusqu’au bloc ...', 'default_mountain_image.jpg', 'Le Cerveau', 4);
INSERT INTO public.sector (id, description, image_name, name, site_id) VALUES (2, 'Accès:
Il faut gagner la D13 qui parcours les hauts de St Leu. La ravine se trouve juste au nord du quartier “L’étang St Leu”, cf la carte. Aire de stationnement au niveau du panneau indiquant “Etang St Leu”', 'default_mountain_image.jpg', 'Charlie & les Claudettes', 1);
INSERT INTO public.itinerary (id, description, grade, height, image_name, name, number_of_parts, spit, sector_id) VALUES (3, 'Pied imposé ', '_6c', 23, 'default_mountain_image.jpg', 'L’invité', 9, '--', 2);
INSERT INTO public.itinerary (id, description, grade, height, image_name, name, number_of_parts, spit, sector_id) VALUES (4, 'Assis', '_6c', 27, 'default_mountain_image.jpg', 'Vince corner', 6, '--', 2);
INSERT INTO public.itinerary (id, description, grade, height, image_name, name, number_of_parts, spit, sector_id) VALUES (2, '', '_6a', 25, 'default_mountain_image.jpg', 'Talon sous les Chtis', 5, '--', 2);
INSERT INTO public.itinerary (id, description, grade, height, image_name, name, number_of_parts, spit, sector_id) VALUES (1, '', '_7b', 25, 'default_mountain_image.jpg', 'La flemme de l’énergumène', 7, '--', 2);
INSERT INTO public.itinerary (id, description, grade, height, image_name, name, number_of_parts, spit, sector_id) VALUES (5, '', '_6c', 17, 'default_mountain_image.jpg', 'Démonstration', 4, '--', 5);
INSERT INTO public.itinerary (id, description, grade, height, image_name, name, number_of_parts, spit, sector_id) VALUES (6, '', '_6aPLUS', 21, 'default_mountain_image.jpg', 'La leçon', 4, '--', 5);
INSERT INTO public.itinerary (id, description, grade, height, image_name, name, number_of_parts, spit, sector_id) VALUES (7, '@ trav', '_5c', 13, 'default_mountain_image.jpg', 'Micro-onde', 4, '--', 5);
INSERT INTO public.itinerary (id, description, grade, height, image_name, name, number_of_parts, spit, sector_id) VALUES (8, '@ - 7a+ pied imposé', '_7a', 31, 'default_mountain_image.jpg', 'Paradoxe', 11, '--', 6);
INSERT INTO public.itinerary (id, description, grade, height, image_name, name, number_of_parts, spit, sector_id) VALUES (9, '', '_6c', 12, 'default_mountain_image.jpg', '2mains2croute', 3, '--', 6);
INSERT INTO public.itinerary (id, description, grade, height, image_name, name, number_of_parts, spit, sector_id) VALUES (10, '7a sans invers', '_6a', 26, 'default_mountain_image.jpg', 'Kilukru', 5, '--', 6);
INSERT INTO public.itinerary (id, description, grade, height, image_name, name, number_of_parts, spit, sector_id) VALUES (12, ' jeté expo', '_7a', 37, 'default_mountain_image.jpg', 'Le vol du bourdon', 11, '--', 7);
INSERT INTO public.itinerary (id, description, grade, height, image_name, name, number_of_parts, spit, sector_id) VALUES (13, '6a debout, variante sortie gauche 7a+', '_6cPLUS', 38, 'default_mountain_image.jpg', 'Gynéco', 14, '--', 7);
INSERT INTO public.itinerary (id, description, grade, height, image_name, name, number_of_parts, spit, sector_id) VALUES (11, 'Départ imposé', '_7a', 23, 'default_mountain_image.jpg', 'La cachette', 4, '--', 7);
